Designator,Val,Package,Mid X,Mid Y,Rotation,Layer
C1,2.2n,C_0603_1608Metric_Pad1.08x0.95mm_HandSolder,123.96,-126.26,-90.0,top
C10,33p,C_0603_1608Metric_Pad1.08x0.95mm_HandSolder,120.982062,-66.054328,-90.0,top
C11,100n,C_0603_1608Metric_Pad1.08x0.95mm_HandSolder,124.182062,-68.334328,90.0,top
C12,100n,C_0603_1608Metric,131.642062,-110.154328,90.0,top
C13,100n,C_0603_1608Metric_Pad1.08x0.95mm_HandSolder,126.66,-75.8,180.0,top
C14,C,C_1206_3216Metric_Pad1.33x1.80mm_HandSolder,149.629562,-129.504328,270.0,bottom
C15,1u,C_0805_2012Metric,134.084562,-60.499328,180.0,top
C16,100n,C_0603_1608Metric,134.084562,-62.499328,180.0,top
C17,100n,C_0603_1608Metric,122.79,-101.48,90.0,top
C18,100n,C_0603_1608Metric,109.482062,-110.294328,-90.0,top
C19,10u,C_1206_3216Metric,133.702062,-110.204328,-90.0,top
C2,33p,C_0603_1608Metric_Pad1.08x0.95mm_HandSolder,121.872062,-117.684328,90.0,top
C20,10u,C_1206_3216Metric,134.272062,-53.194328,-90.0,top
C21,100n,C_0603_1608Metric,135.309562,-77.049328,0.0,top
C22,10u,C_1206_3216Metric,111.482062,-110.294328,-90.0,top
C23,100n,C_0603_1608Metric,132.332062,-53.254328,90.0,top
C24,1u,C_0805_2012Metric,135.309562,-79.049328,0.0,top
C25,100n,C_0603_1608Metric,122.782062,-94.294328,90.0,top
C26,1u,C_0805_2012Metric,115.112062,-90.314328,-90.0,top
C27,LGU2D102MELA,LGU2D102MELA,179.959562,-88.699328,-90.0,top
C28,LGU2D102MELA,LGU2D102MELA,194.784562,-88.624328,90.0,bottom
C29,LGU2D102MELA,LGU2D102MELA,180.034562,-143.449328,-90.0,top
C3,33p,C_0603_1608Metric_Pad1.08x0.95mm_HandSolder,121.902062,-121.204328,90.0,top
C30,LGU2D102MELA,LGU2D102MELA,194.909562,-61.574328,90.0,bottom
C31,LGU2D102MELA,LGU2D102MELA,179.984562,-61.424328,-90.0,top
C32,LGU2D102MELA,LGU2D102MELA,194.809562,-116.024328,90.0,bottom
C34,1u,C_0805_2012Metric,99.95,-53.78,90.0,top
C35,1u,C_0805_2012Metric,96.082062,-50.984328,0.0,top
C36,C5750X6S2W225K250KA,C5750_Commercial,138.659562,-73.149328,180.0,bottom
C37,C5750X6S2W225K250KA,C5750_Commercial,138.709562,-65.349328,180.0,bottom
C39,C5750X6S2W225K250KA,C5750_Commercial,138.434562,-129.399328,180.0,bottom
C4,100n,C_0603_1608Metric_Pad1.08x0.95mm_HandSolder,124.072062,-122.114328,90.0,top
C40,100n,C_0603_1608Metric,108.852062,-53.304328,-90.0,top
C41,LGU2D102MELA,LGU2D102MELA,180.009562,-116.049328,-90.0,top
C42,10u,C_1206_3216Metric,102.22,-126.3,-90.0,top
C43,10u,C_1206_3216Metric,96.81,-131.65,0.0,top
C44,10u,C_1206_3216Metric,110.892062,-53.104328,-90.0,top
C45,10u,C_1206_3216Metric,133.112062,-84.914328,-90.0,top
C46,C,C_1206_3216Metric_Pad1.33x1.80mm_HandSolder,149.899562,-64.061828,270.0,bottom
C47,1u,C_0805_2012Metric,133.584562,-131.599328,0.0,top
C48,100n,C_0603_1608Metric,133.584562,-129.599328,0.0,top
C49,100n,C_0603_1608Metric,102.509543,-134.71285,-90.0,top
C5,1u,C_0805_2012Metric,133.309562,-114.599328,180.0,top
C50,C,C_1206_3216Metric_Pad1.33x1.80mm_HandSolder,149.809562,-74.904328,270.0,bottom
C51,100n,C_0603_1608Metric_Pad1.08x0.95mm_HandSolder,125.419562,-129.654328,180.0,top
C52,100n,C_0603_1608Metric,131.082062,-85.094328,-90.0,top
C53,100n,C_0603_1608Metric,109.002062,-85.139328,-90.0,top
C54,10u,C_1206_3216Metric,110.972062,-84.604328,-90.0,top
C55,10u,C_1206_3216Metric,133.152062,-137.934328,-90.0,top
C56,100n,C_0603_1608Metric,135.142062,-137.954328,-90.0,top
C57,100n,C_0603_1608Metric,108.882062,-138.064328,-90.0,top
C58,10u,C_1206_3216Metric,111.062062,-138.124328,-90.0,top
C59,C5750X6S2W225K250KA,C5750_Commercial,138.384562,-121.474328,180.0,bottom
C6,C,C_1206_3216Metric_Pad1.33x1.80mm_HandSolder,149.659562,-118.224328,270.0,bottom
C60,LGU2D102MELA,LGU2D102MELA,194.809562,-143.324328,90.0,bottom
C7,100n,C_0603_1608Metric,133.309562,-116.599328,180.0,top
C8,33p,C_0603_1608Metric_Pad1.08x0.95mm_HandSolder,120.972062,-62.664328,-90.0,top
C9,2.2n,C_0603_1608Metric_Pad1.08x0.95mm_HandSolder,124.18,-72.58,-90.0,top
D1,MSS1P4-M3_89A,DIODE_MSS1P4-M3_89A,141.159562,-116.399328,0.0,top
D2,MSS1P4-M3_89A,DIODE_MSS1P4-M3_89A,141.284562,-62.424328,0.0,top
D3,MSS1P4-M3_89A,DIODE_MSS1P4-M3_89A,141.384562,-71.274328,0.0,top
D5,D22V0H1U2LP-7B,D22V0H1U2LP7B,105.88,-126.24,-90.0,top
D6,MSS1P4-M3_89A,DIODE_MSS1P4-M3_89A,140.959562,-128.499328,0.0,top
D7,SS3P4-M3_85A,SS3P4M385A,97.1015,-126.3,180.0,top
D8,SDT40A120CT,TO254P1066X482X2286-3,149.422562,-153.874328,-90.0,top
IC1,REF1933AIDDCR,SOT95P280X110-5N,118.7,-90.325,180.0,top
IC2,UCC21521DW,SOIC127P1030X265-16N,131.084562,-69.499328,0.0,top
IC3,UCC21521DW,SOIC127P1030X265-16N,130.934562,-123.274328,0.0,top
IC4,TLF80511TFV50ATMA1,IDD09E60,97.101582,-140.010945,90.0,top
J1,7462810,7462810,162.864562,-95.579328,0.0,top
J2,7462810,7462810,129.239562,-155.969328,0.0,top
J3,1729128,1729128,88.024562,-123.644328,-90.0,top
J4,7462810,7462810,137.289562,-155.969328,-90.0,top
J5,7462810,7462810,155.014562,-85.019328,0.0,top
J8,6-534237-3,TE_6-534237-3,86.159562,-89.734328,-90.0,top
J9,6-534237-3,TE_6-534237-3,101.347062,-89.749328,-90.0,top
PS1,NCM3S1212MC-R7,NCM3S1212MCR7,120.009562,-56.036828,180.0,bottom
PS2,NCM3S1212MC-R7,NCM3S1212MCR7,119.734562,-109.586828,180.0,bottom
PS3,NCM3S1212MC-R7,NCM3S1212MCR7,120.084562,-84.461828,180.0,bottom
PS4,NCM3S1212MC-R7,NCM3S1212MCR7,119.884562,-137.486828,180.0,bottom
Q1,IPP111N15N3GXKSA1,TO254P457X1003X2115-3P,145.019562,-130.874328,-90.0,top
Q2,IPP111N15N3GXKSA1,TO254P457X1003X2115-3P,145.309562,-65.151828,-90.0,top
Q3,IPP111N15N3GXKSA1,TO254P457X1003X2115-3P,145.172062,-76.414328,-90.0,top
Q5,IPP111N15N3GXKSA1,TO254P457X1003X2115-3P,145.034562,-119.634328,-90.0,top
R1,25k,R_0603_1608Metric_Pad0.98x0.95mm_HandSolder,122.4,-126.32,90.0,top
R10,4.7,R_0805_2012Metric_Pad1.20x1.40mm_HandSolder,141.009562,-126.474328,180.0,top
R11,10k,R_0603_1608Metric_Pad0.98x0.95mm_HandSolder,141.284562,-130.599328,180.0,top
R12,10k,R_0603_1608Metric_Pad0.98x0.95mm_HandSolder,117.892062,-71.164328,-90.0,top
R13,25k,R_0603_1608Metric_Pad0.98x0.95mm_HandSolder,122.56,-72.63,90.0,top
R14,4.7,R_0805_2012Metric_Pad1.20x1.40mm_HandSolder,138.234562,-64.974328,-90.0,top
R15,10k,R_0603_1608Metric_Pad0.98x0.95mm_HandSolder,115.432062,-125.214328,-90.0,top
R16,4.7,R_0805_2012Metric_Pad1.20x1.40mm_HandSolder,141.259562,-64.474328,180.0,top
R17,4.7,R_0805_2012Metric_Pad1.20x1.40mm_HandSolder,138.259562,-72.299328,-90.0,top
R18,4.7,R_0805_2012Metric_Pad1.20x1.40mm_HandSolder,141.434562,-73.399328,180.0,top
R19,10k,R_0603_1608Metric_Pad0.98x0.95mm_HandSolder,141.509562,-66.324328,180.0,top
R2,51,R_0603_1608Metric_Pad0.98x0.95mm_HandSolder,119.022062,-116.691828,0.0,top
R20,10k,R_0603_1608Metric_Pad0.98x0.95mm_HandSolder,141.634562,-75.299328,180.0,top
R21,R,R_1206_3216Metric_Pad1.30x1.75mm_HandSolder,149.659562,-123.224328,270.0,bottom
R22,R,R_1206_3216Metric_Pad1.30x1.75mm_HandSolder,149.864562,-69.069328,270.0,bottom
R23,R,R_1206_3216Metric_Pad1.30x1.75mm_HandSolder,149.849562,-80.054328,270.0,bottom
R24,R,R_1206_3216Metric_Pad1.30x1.75mm_HandSolder,149.579562,-134.594328,270.0,bottom
R25,100,R_0603_1608Metric_Pad0.98x0.95mm_HandSolder,117.702062,-97.174328,180.0,top
R26,CRGP2512F15K,RESC6332X65N,207.79,-70.7115,0.0,top
R27,CRGP2512F15K,RESC6332X65N,207.77,-76.4185,0.0,top
R29,CRGP2512F15K,RESC6332X65N,207.795,-81.6935,0.0,top
R3,51,R_0603_1608Metric_Pad0.98x0.95mm_HandSolder,119.262062,-120.346828,0.0,top
R4,51,R_0603_1608Metric_Pad0.98x0.95mm_HandSolder,117.859562,-63.749328,0.0,top
R5,51,R_0603_1608Metric_Pad0.98x0.95mm_HandSolder,117.682062,-66.984328,0.0,top
R6,4.7,R_0805_2012Metric_Pad1.20x1.40mm_HandSolder,141.172062,-118.449328,180.0,top
R7,4.7,R_0805_2012Metric_Pad1.20x1.40mm_HandSolder,138.109562,-118.674328,-90.0,top
R8,10k,R_0603_1608Metric_Pad0.98x0.95mm_HandSolder,141.397062,-120.399328,180.0,top
R9,4.7,R_0805_2012Metric_Pad1.20x1.40mm_HandSolder,138.059562,-127.374328,90.0,top
U4,TPS7A2033PDBVR,SOT95P280X145-5N,96.652062,-53.774328,0.0,top
U5,CKSR_6-NP,CKSR6NP,134.949562,-98.073328,0.0,top
